{"years": [2018, 2019, 2020, 2021, 2022], "incidents": [8274.985109203786, 8455.03141687758, 8635.077724551433, 8815.124032225227, 8995.17033989908]}